Location Name,Type,Address,Coordinates
"Autosalonas ""Porsche""",#icon-503-DB4436,"Dariaus ir Girėno g. 15, Vilnius, Lietuva","25.270464, 54.65645"
Plytinės g. 7A,#icon-503-DB4436,"Plytinės g. 7A Vilnius, Lietuva","25.3421145, 54.7252554"
"Viešbutis ""Ibis Styles Vilnius""",#icon-503-DB4436,"Minsko pl. 14, Vilnius, Lietuva","25.316738, 54.650734"
"Vilniaus oro uostas, VIP aikštelė",#icon-503-DB4436,"Rodūnios kelias 2, Vilnius, Lietuva","25.280061, 54.644165"
M. Mironaitės g. 22,#icon-503-DB4436,,"25.1895846, 54.6800299"
Veiverių g. 142A.,#poly-F8971B-2401-87,,"23.8886118, 54.8708996; 23.8885528, 54.8707452; 23.8896418, 54.8706156; 23.8898885, 54.8712453; 23.8893843, 54.871307; 23.8892019, 54.8708193; 23.8886118, 54.8708996"
"PC ""Rimi"", Europos pr.",#poly-F8971B-2401-87,,"23.9117217, 54.875619; 23.9116359, 54.8752702; 23.9129555, 54.8751869; 23.9131325, 54.8761314; 23.9125264, 54.8761684; 23.9124298, 54.8755789; 23.9117217, 54.875619"
"Vilniaus oro uostas, VIP aikštelė",#poly-F8971B-2401-87,"Rodūnios kelias 2, Vilnius, Lietuva","25.2804101, 54.6443215; 25.2778888, 54.6437472; 25.2778727, 54.6431264; 25.2786934, 54.6431264; 25.2797019, 54.6437845; 25.2804101, 54.6437845; 25.2804101, 54.6443215"
"PC ""Iki"", Molėtų g.",#poly-F8971B-2401-87,Molėtų g. 40,"25.273608, 54.7827215; 25.2741015, 54.7821214; 25.2739727, 54.7814594; 25.2732217, 54.7812676; 25.272857, 54.781744; 25.2724385, 54.7817007; 25.2726209, 54.7814222; 25.2735329, 54.7806055; 25.2745628, 54.7807107; 25.2749598, 54.7825421; 25.273608, 54.7827215"
"PC ""Iki"", Molėtų g.",#icon-503-DB4436,Molėtų g. 40,"25.27408, 54.7813604"
Plytinės g. 7A,#poly-F8971B-2401-87,"Plytinės g. 7A Vilnius, Lietuva","25.3415859, 54.7259647; 25.3407598, 54.7248928; 25.3425622, 54.7243414; 25.3435278, 54.7255186; 25.3415859, 54.7259647"
"Viešbutis ""Ibis Styles Vilnius""",#poly-F8971B-2401-87,"Minsko pl. 14, Vilnius, Lietuva","25.3145278, 54.65079; 25.3186476, 54.6497347; 25.3191411, 54.6504299; 25.31515, 54.6514603; 25.3145278, 54.65079"
"Autosalonas ""Porsche""",#poly-F8971B-2401-87,"Dariaus ir Girėno g. 15, Vilnius, Lietuva","25.2716392, 54.6566088; 25.2687317, 54.657155; 25.2682382, 54.6564195; 25.2713442, 54.6559137; 25.2716392, 54.6566088"
M. Mironaitės g. 22,#poly-F8971B-2401-87,"M. Mironaitės g., Vilnius","25.1879597, 54.6799288; 25.1891291, 54.6791348; 25.1893651, 54.6802451; 25.1897836, 54.6806545; 25.1909423, 54.6802327; 25.1914573, 54.6792837; 25.1925945, 54.6794077; 25.1913929, 54.6804498; 25.1898694, 54.6811321; 25.1879597, 54.6799288"
"""Lemon Gym"" sporto klubas, Vydūno g.",#poly-F8971B-2401-87,"Vydūno g. 2, Vilnius, Lietuva","25.1866186, 54.7079868; 25.1866079, 54.7068772; 25.1894403, 54.7060714; 25.1900679, 54.7062077; 25.1901161, 54.7079558; 25.1866186, 54.7079868"
"PC ""Pupa"" Priegliaus g. 1",#poly-F8971B-2401-87,"Pilaitės pr. 31, Vilnius, Lietuva","25.1844299, 54.7109558; 25.1867688, 54.7109496; 25.1866829, 54.7102244; 25.188024, 54.7102678; 25.1879489, 54.7091335; 25.1892471, 54.7087058; 25.1893222, 54.7103731; 25.189333, 54.7105777; 25.1893009, 54.7117212; 25.1869514, 54.7125859; 25.1869835, 54.7133389; 25.1885445, 54.7133188; 25.1884666, 54.7144739; 25.1819475, 54.7144565; 25.1795912, 54.7144638; 25.1779899, 54.7131468; 25.1779349, 54.711571; 25.1795536, 54.7115075; 25.1795912, 54.7104723; 25.1832927, 54.7103422; 25.1844192, 54.7101748; 25.1844299, 54.7109558"
Agniaus stotelė_Žemieji paneriai,#icon-503-DB4436,"Savanorių pr 220A, Vilnius","25.2051043, 54.6422665"
Polygon 125,#poly-F8971B-2401-87,,"25.2060055, 54.6421051; 25.2058661, 54.6426887; 25.2049864, 54.6426204; 25.2037633, 54.642639; 25.2029586, 54.6427818; 25.2026153, 54.6430116; 25.2016175, 54.64267; 25.2025187, 54.642043; 25.203259, 54.6414221; 25.2047503, 54.640112; 25.2067995, 54.6399072; 25.2070785, 54.6409068; 25.2069927, 54.6420554; 25.2060055, 54.6421051"
"VC ""HIGHWAY"", Savanorių pr.",#poly-F8971B-2401-87,,"25.2172923, 54.6501754; 25.2180111, 54.6497099; 25.2210688, 54.6514107; 25.2208732, 54.6515752; 25.2206397, 54.6517396; 25.2203715, 54.6519072; 25.2172923, 54.6501754"
"VC ""HIGHWAY"", Savanorių pr.",#icon-503-DB4436,,"25.2202427, 54.6514976"
Grigiškės,#poly-F8971B-2401-87,,"25.0955361, 54.6697921; 25.094989, 54.6691438; 25.096389, 54.6687622; 25.0954127, 54.6674933; 25.0975639, 54.6668914; 25.0984329, 54.6679292; 25.1024563, 54.6668512; 25.1037759, 54.6683744; 25.1011313, 54.6690592; 25.1004594, 54.6682812; 25.0996158, 54.6684958; 25.0988366, 54.6687725; 25.0994307, 54.6694959; 25.0971883, 54.6700961; 25.0966412, 54.669485; 25.0955361, 54.6697921"
Grigiškės,#poly-F8971B-2401-87,,"25.089705, 54.6713866; 25.0912929, 54.6709523; 25.0916362, 54.671399; 25.0900698, 54.6718581; 25.089705, 54.6713866"
"UAB ""Senukai""",#poly-F8971B-2401-87,"UAB ""Senukai"", Vikingų g. 3","25.2790904, 54.6515907; 25.2792943, 54.6524162; 25.2778566, 54.6525031; 25.2777278, 54.6517086; 25.2790904, 54.6515907"
"UAB ""Senukai""",#icon-503-DB4436,,"25.2784789, 54.6520748"
"Molėtų pl. PC ""Rimi"", VLN",#icon-503-DB4436,"Molėtų pl. 49, Vilnius","25.2728999, 54.7737276"
"Molėtų pl. PC ""Rimi"", VLN",#poly-F8971B-2401-87,"Molėtų pl. 49, Vilnius","25.2723956, 54.7741979; 25.2721167, 54.7733625; 25.2730823, 54.7733068; 25.2735329, 54.7739071; 25.2723956, 54.7741979"
Valakampiai,#poly-F8971B-2401-87,"Vaidilutės g. 79, Vilnius","25.2945936, 54.7428044; 25.2944702, 54.7424607; 25.294674, 54.7424421; 25.2948967, 54.7423337; 25.2948055, 54.7421355; 25.2944863, 54.7421758; 25.2941644, 54.7414078; 25.2945077, 54.7413614; 25.2946687, 54.7417701; 25.2949262, 54.7423151; 25.2951729, 54.7425319; 25.2952266, 54.7427239; 25.2945936, 54.7428044"
Valakampiai,#icon-503-DB4436,"Vaidilutės g. 79, Vilnius","25.2948457, 54.7426186"
"Trakų Vokė ""Maxima""",#poly-F8971B-2401-87,"J. Tiškevičiaus g. 22, Vilnius","25.1105297, 54.6247235; 25.1090062, 54.6243384; 25.1093924, 54.6235682; 25.1111519, 54.6239657; 25.1105297, 54.6247235"
"Trakų Vokė ""Maxima""",#icon-503-DB4436,"J. Tiškevičiaus g. 22, Vilnius","25.1097357, 54.6241645"
Grigiškės,#icon-503-DB4436,"Kovo 11-osios g. 39, Grigiškės","25.0987065, 54.6686381"
Balsių mokykla - Vilnius,#poly-F8971B-2401-87,Bubilo g. 8 Vilnius,"25.3614878, 54.7789596; 25.3617668, 54.7783965; 25.3621101, 54.7784399; 25.3617883, 54.7789967; 25.3614878, 54.7789596"
Balsių mokykla - Vilnius,#icon-503-DB4436,Bubilo g. 8 Vilnius,"25.361681, 54.778873"
"Šiaurės g. PC ""Rimi"" - Vilnius",#poly-F8971B-2401-87,"Šiaurės g. 37, Vilnius","25.4093707, 54.7011554; 25.4094779, 54.7003867; 25.4121816, 54.7006099; 25.4119456, 54.701453; 25.4093707, 54.7011554"
"Šiaurės g. PC ""Rimi"" - Vilnius",#icon-503-DB4436,"Šiaurės g. 37, Vilnius","25.410701, 54.7009571"
Kairėnai,#poly-F8971B-2401-87,"Tulpių g., Galgiai","25.4122782, 54.7254628; 25.4119992, 54.7247565; 25.4134798, 54.7247193; 25.4135871, 54.7254133; 25.4122782, 54.7254628"
Kairėnai,#icon-503-DB4436,"Tulpių g., Galgiai","25.4128146, 54.7250787"
"PC ""Maxima"", Vydūno g.",#poly-F8971B-2401-87,"Vydūno g. 27, Vilnius, Lietuva","25.1725316, 54.7102492; 25.1724887, 54.7081603; 25.1699996, 54.7082348; 25.1699085, 54.7052562; 25.1748383, 54.703691; 25.1768124, 54.7029594; 25.1791299, 54.702228; 25.1817691, 54.7007401; 25.1835394, 54.7012051; 25.1852667, 54.7017444; 25.1869299, 54.7021721; 25.1879115, 54.7029811; 25.1887028, 54.704675; 25.1896134, 54.7060178; 25.1866079, 54.7068772; 25.1866186, 54.7087926; 25.1820293, 54.7100462; 25.1820749, 54.7088205; 25.1797199, 54.7088236; 25.1798058, 54.7098525; 25.1798058, 54.71015; 25.1725316, 54.7102492"
Buivydiškių kolegija - Vilnius,#icon-503-DB4436,"Beržų g. 2A, Buivydiškės","25.194397, 54.7166266"
"Beržų g. 2A, Buivydiškės",#poly-F8971B-2401-87,"Beržų g. 2A, Buivydiškės","25.1940751, 54.7165646; 25.194397, 54.7162919; 25.1947618, 54.7164655; 25.1945043, 54.716701; 25.1940751, 54.7165646"
Vilkpėdė - Vilnius,#poly-F8971B-2401-87,"Naujoji Riovonių g. 12, Vilnius","25.2331924, 54.6582194; 25.2332997, 54.6573257; 25.2337074, 54.6573381; 25.2336216, 54.6582442; 25.2331924, 54.6582194"
Vilkpėdė - Vilnius,#icon-503-DB4436,"Naujoji Riovonių g. 12, Vilnius","25.2333856, 54.6579091"
Tarandė,#poly-F8971B-2401-87,"Tarandės g. 28, Vilnius","25.2074432, 54.7496442; 25.2065849, 54.7495451; 25.2066708, 54.7492851; 25.2075076, 54.7494089; 25.2074432, 54.7496442"
Tarandė,#icon-503-DB4436,"Tarandės g. 28, Vilnius","25.207057, 54.7495328"
Naujoji Vilnia stotis,#poly-F8971B-2401-87,"Tremtinių g. 4, Vilnius 11118, Lietuva","25.4096496, 54.6934114; 25.4095209, 54.6938455; 25.4087055, 54.6937587; 25.4089844, 54.6928658; 25.4082978, 54.6927294; 25.4084265, 54.6923821; 25.4094887, 54.6927232; 25.4092634, 54.6933618; 25.4096496, 54.6934114"
Naujoji Vilnia stotis,#icon-503-DB4436,"Tremtinių g. 4, Vilnius 11118, Lietuva","25.4091346, 54.6935665"
"Naujoji Vilnia Parko g. PC ""IKI""",#poly-F8971B-2401-87,"Parko g. 34A, Vilnius ","25.42467, 54.6860877; 25.4246914, 54.6855667; 25.4255283, 54.6855543; 25.4255497, 54.6860753; 25.42467, 54.6860877"
"Naujoji Vilnia Parko g. PC ""IKI""",#icon-503-DB4436,"Parko g. 34A, Vilnius ","25.4251099, 54.6858365"
Pavilnys,#poly-F8971B-2401-87,"Gurių Sodų 4-oji g. 1, Vilnius","25.3416824, 54.662551; 25.3414035, 54.6617071; 25.3434205, 54.6614092; 25.3437424, 54.6623028; 25.3416824, 54.662551"
Pavilnys,#icon-503-DB4436,"Gurių Sodų 4-oji g. 1, Vilnius","25.3424764, 54.662129"
Skersinės gatvė - Vilnius,#icon-503-DB4436,"Skersinės g. 10, Vilnius","25.2713871, 54.7646512"
Skersinės gatvė - Vilnius,#poly-F8971B-2401-87,"Skersinės g. 10, Vilnius","25.2706575, 54.7649483; 25.2706361, 54.7642489; 25.2716982, 54.7640941; 25.2716446, 54.7648183; 25.2706575, 54.7649483"
"Pilaitė, Krovininių stotelė",#poly-F8971B-2401-87,"Pajautos g. 13, Vilnius","25.1727033, 54.7102058; 25.1726174, 54.7098959; 25.1796556, 54.7097595; 25.179677, 54.7101066; 25.1727033, 54.7102058"
"HBH, Plačioji g. - Vilnius, Lietuva",#poly-F8971B-2401-87,"5256 11, Raudondvaris 14257, Lithuania","25.2764511, 54.8268547; 25.2763224, 54.8266384; 25.2767944, 54.8265457; 25.2769232, 54.8267806; 25.2764511, 54.8268547"
"HBH, Plačioji g. - Vilnius, Lietuva",#icon-503-DB4436,"5256 11, Raudondvaris 14257, Lithuania","25.2765799, 54.8267249"
Lentvaris,#poly-F8971B-2401-87,,"25.0468379, 54.6446816; 25.0467736, 54.6443339; 25.0479054, 54.6442997; 25.0479376, 54.6446598; 25.0468379, 54.6446816"
Lentvaris,#icon-503-DB4436,,"25.0473154, 54.6445263"
Wakeway,#poly-F8971B-2401-87,"Ežero g. 13, Nemėžis","25.375886, 54.6391248; 25.3756928, 54.6381065; 25.3772378, 54.638032; 25.3775811, 54.6390752; 25.375886, 54.6391248"
Wakeway,#icon-503-DB4436,"Ežero g. 13, Vilnius","25.3764009, 54.6387275"
Lentvaris (Kilimai),#poly-F8971B-2401-87,"Vytauto g. 4c, Lentvaris","25.0460171, 54.6540735; 25.0466502, 54.6542472; 25.0464356, 54.6545513; 25.046103, 54.6544583; 25.045706, 54.6543713; 25.0460171, 54.6540735"
Lentvaris (Kilimai),#icon-503-DB4436,"Vytauto g. 4c, Lentvaris","25.0462103, 54.6543651"
"PC Senukai, Darbo a. - Panevėžys",#poly-F8971B-2401-87,,"24.3415511, 55.7268745; 24.3416584, 55.7248685; 24.3436432, 55.7252794; 24.3432248, 55.7260528; 24.3431818, 55.7262219; 24.3432999, 55.7267778; 24.3415511, 55.7268745"
"TIK KROVININIAI PC Senukai, Darbo a. - Panevėžys",#icon-503-DB4436,"Darbo a. 7, Panevėžys ","24.342463, 55.7258473"
"PC Bruklinas, Pramonės g. - Šiauliai,",#poly-F8971B-2401-87,"Pramonės g. 6, Šiauliai","23.3020556, 55.9157604; 23.3011436, 55.9150749; 23.3044803, 55.91371; 23.3053923, 55.9144015; 23.3020556, 55.9157604"
"TIK KROVININIAI PC Bruklinas, Pramonės g. - Šiauliai,",#icon-503-DB4436,"Pramonės g. 6, Šiauliai","23.3033967, 55.9148765"
Pagrindinė Vilniaus zona,#poly-F8971B-2401-87,,"25.272126, 54.6583366; 25.2910303, 54.6595033; 25.2974032, 54.6596647; 25.3015125, 54.6622463; 25.3056431, 54.665411; 25.3057504, 54.6694813; 25.3049349, 54.6721119; 25.3071022, 54.6756976; 25.3085613, 54.6764296; 25.3132606, 54.6758589; 25.3207708, 54.674612; 25.3221011, 54.6779805; 25.3192902, 54.6791714; 25.3149128, 54.6800647; 25.3159642, 54.682186; 25.3185822, 54.6836745; 25.3197837, 54.6842575; 25.3218436, 54.6853739; 25.3252555, 54.6871228; 25.3165007, 54.691191; 25.3255773, 54.7006528; 25.3266717, 54.7023887; 25.3316499, 54.7088107; 25.3308345, 54.7122569; 25.3296543, 54.7182436; 25.3296114, 54.7219864; 25.3296329, 54.7248739; 25.3325512, 54.7283682; 25.3295256, 54.7294958; 25.3286244, 54.7291241; 25.3261782, 54.7286904; 25.3190542, 54.7286532; 25.3153634, 54.7280461; 25.3116512, 54.7260263; 25.3104496, 54.7267078; 25.3096557, 54.7274017; 25.3081322, 54.7283558; 25.3067803, 54.7287647; 25.3055787, 54.7291241; 25.3042482, 54.7296197; 25.3027247, 54.7299418; 25.3015018, 54.7301401; 25.2965235, 54.7296692; 25.2927041, 54.7300162; 25.2862453, 54.73071; 25.2846144, 54.7331632; 25.2832841, 54.7366569; 25.2808379, 54.7420578; 25.2819323, 54.7455507; 25.2826404, 54.7495139; 25.2869319, 54.7510372; 25.2904724, 54.7514087; 25.2945708, 54.7501703; 25.296824, 54.752548; 25.296502, 54.752969; 25.2956653, 54.7533158; 25.2951287, 54.7534024; 25.2925538, 54.7535386; 25.2900647, 54.7537987; 25.2907943, 54.7608069; 25.2910089, 54.7631716; 25.2850329, 54.7661984; 25.2820396, 54.7661304; 25.2808808, 54.7583307; 25.2680491, 54.7584297; 25.2575777, 54.7584173; 25.2563975, 54.7543064; 25.2525352, 54.7550494; 25.2511618, 54.7536377; 25.2506468, 54.7532415; 25.2443168, 54.7509381; 25.2414629, 54.7449934; 25.2343819, 54.74264; 25.2328232, 54.7425914; 25.2324952, 54.7425805; 25.2321779, 54.7421856; 25.2312861, 54.7422133; 25.2304585, 54.7424392; 25.2275173, 54.7435817; 25.2283299, 54.7440583; 25.2256915, 54.7449438; 25.21728, 54.7422932; 25.215735, 54.7411536; 25.2135893, 54.7398158; 25.2115937, 54.7385151; 25.2095338, 54.737202; 25.2088041, 54.7363843; 25.208332, 54.7355667; 25.2081818, 54.7341544; 25.2082462, 54.7326181; 25.2082462, 54.7311065; 25.2080747, 54.7285417; 25.2079029, 54.7262617; 25.2079029, 54.7248739; 25.2080317, 54.7232629; 25.2082891, 54.7216766; 25.2084179, 54.7204125; 25.2084608, 54.7189997; 25.2084179, 54.7169918; 25.208375, 54.7149343; 25.2084393, 54.7127527; 25.2086968, 54.7117115; 25.2093191, 54.7101991; 25.2098341, 54.7088355; 25.2100058, 54.7076082; 25.2100702, 54.7065544; 25.2099414, 54.7053023; 25.2097483, 54.7039757; 25.2092976, 54.702525; 25.208611, 54.7006528; 25.2080103, 54.6997104; 25.2070875, 54.6981604; 25.2059718, 54.6964988; 25.2052207, 54.6953703; 25.2043838, 54.6944278; 25.2031393, 54.6930885; 25.2019162, 54.6917987; 25.2000279, 54.6897647; 25.1981182, 54.6877678; 25.1969166, 54.6864034; 25.1955218, 54.6847909; 25.1947278, 54.6832404; 25.1944704, 54.6819999; 25.1944704, 54.6814293; 25.1947707, 54.6801639; 25.1954145, 54.6787993; 25.1959295, 54.6772237; 25.1964874, 54.6747175; 25.1977319, 54.6693696; 25.1926893, 54.6643933; 25.1914448, 54.6629289; 25.222344, 54.6646415; 25.2194686, 54.6709083; 25.2271291, 54.6705981; 25.2274724, 54.6712681; 25.2293178, 54.670871; 25.2320858, 54.6702754; 25.2372356, 54.6691586; 25.2398965, 54.668563; 25.2443167, 54.6675703; 25.2468917, 54.6671732; 25.24878, 54.6669498; 25.2503249, 54.6667636; 25.2520844, 54.6664038; 25.253329, 54.6659446; 25.2544448, 54.6652745; 25.25511, 54.6646167; 25.255861, 54.6636487; 25.2566978, 54.6629289; 25.2573201, 54.6625565; 25.2584788, 54.6620601; 25.2603027, 54.6614023; 25.2616547, 54.6609307; 25.2628134, 54.6604342; 25.2637146, 54.6599501; 25.2642081, 54.6596026; 25.2652596, 54.6588083; 25.2667401, 54.6580387; 25.2680704, 54.6576911; 25.2695296, 54.6574677; 25.2704094, 54.6576911; 25.272126, 54.6583366"
"Kauno oro uostas, Unipark aikštelė",#icon-503-DB4436,,"24.071093, 54.96959"
Kauno LEZ,#icon-503-DB4436,"Terminalo g.3 Biruliškės, Kaunas","24.0046978, 54.9424774"
Kauno LEZ,#poly-F8971B-3001-89,"Terminalo g.3 Biruliškės, Kaunas","24.0049982, 54.9429827; 24.0035712, 54.9423172; 24.0041614, 54.9419166; 24.005599, 54.9425637; 24.0049982, 54.9429827"
"PC Rimi, Europos pr.",#icon-503-DB4436,"PC Rimi, Europos pr. 43","23.912685, 54.875421"
"PC ""Iki"", Veiverių g.",#icon-503-DB4436,"Veiverių g. 150A, Kaunas, Lietuva","23.8863346, 54.8624486"
Veiverių g. 142A.,#icon-503-DB4436,"Veiverių g., 142A., Kaunas, Lietuva","23.8894621, 54.871023"
"PC ""Maxima"", Vaidoto g.",#icon-503-DB4436,"Vaidoto g. 159, Kaunas, Lietuva.","23.9584619, 54.8615656"
Panemunės turgaus aikštė,#icon-503-DB4436,"Vaidoto g. 80, Kaunas, Lietuva","23.9634937, 54.8638888"
PC „Maxima“ Raudondvario pl.,#icon-503-DB4436,"Raudondvario pl. 284A, Kaunas, Lietuva.","23.8208753, 54.9209178"
PC „Iki“ S.Lozaraičio g.,#icon-503-DB4436,"PC „Iki“ S. Lozoraičio g. 2, Garliava, Lietuva.","23.8759223, 54.8322992"
PC „Maxima“ Raudondvario pl.,#poly-F8971B-1200-76,,"23.8200116, 54.9212816; 23.819958, 54.920702; 23.8215244, 54.920665; 23.8215888, 54.9212261; 23.8200116, 54.9212816"
PC „Iki“ S.Lozaraičio g.,#poly-F8971B-1200-76,,"23.8756943, 54.8326144; 23.8753617, 54.8317492; 23.8758659, 54.8316813; 23.8760269, 54.8320706; 23.8764131, 54.8320211; 23.8767135, 54.8322065; 23.8756943, 54.8326144"
PC „IKI“ Veiverių g.,#poly-F8971B-1200-76,,"23.8858008, 54.8625705; 23.8856882, 54.8623112; 23.8864124, 54.8622062; 23.8865733, 54.8626261; 23.8861656, 54.8626817; 23.8861227, 54.862552; 23.8858008, 54.8625705"
Žaliakalnis,#poly-F8971B-1200-76,,"23.9293277, 54.9032084; 23.929097, 54.9031344; 23.9294135, 54.9026718; 23.9313125, 54.9029463; 23.9311409, 54.9016439; 23.9347726, 54.8939236; 23.9402013, 54.8896877; 23.9474484, 54.8956124; 23.9532101, 54.8965958; 23.9557635, 54.8974116; 23.9587353, 54.8983384; 23.958714, 54.900488; 23.949638, 54.9044813; 23.9411621, 54.908203; 23.932085, 54.9064962; 23.9313071, 54.9032238; 23.9293277, 54.9032084"
Kauno Sporto Halė,#poly-F8971B-1200-76,,"23.9343756, 54.8958517; 23.9352983, 54.895864; 23.9339948, 54.8966692; 23.9334798, 54.8964625; 23.9343756, 54.8958517"
PC „Maxima“ Vaidoto g.,#poly-F8971B-1200-76,,"23.957389, 54.8613664; 23.9575338, 54.8611827; 23.9580595, 54.8613402; 23.9583251, 54.8610515; 23.9585397, 54.8611179; 23.9582634, 54.8613988; 23.958832, 54.8615532; 23.9586604, 54.861757; 23.957389, 54.8613664"
Panemunės turgaus aikštė,#poly-F8971B-1200-76,,"23.9625335, 54.8632281; 23.9627051, 54.8631664; 23.9636922, 54.8639012; 23.9639711, 54.8637592; 23.9641106, 54.8638147; 23.9635849, 54.8640741; 23.9625335, 54.8632281"
"Kauno oro uostas, Unipark aikštelė",#poly-F8971B-1200-76,,"24.0694892, 54.9701812; 24.0710986, 54.9689618; 24.0715706, 54.9691589; 24.0710557, 54.9698363; 24.0702081, 54.9704522; 24.0694892, 54.9701812"
Kauno centras,#poly-F8971B-1200-76,,"23.930199, 54.8647603; 23.9320621, 54.8619095; 23.9370615, 54.8601151; 23.94515, 54.8600501; 23.9504262, 54.8612537; 23.9520747, 54.8632964; 23.9580938, 54.868056; 23.9449856, 54.8737329; 23.9361084, 54.8843681; 23.9366018, 54.8851858; 23.9370525, 54.8859541; 23.9377177, 54.8868706; 23.9402013, 54.8896877; 23.9347726, 54.8939236; 23.9294296, 54.8953705; 23.9285123, 54.895972; 23.9231855, 54.8998557; 23.9173865, 54.9012375; 23.9153641, 54.90129; 23.9151925, 54.9012221; 23.9145327, 54.9009445; 23.9126552, 54.9010185; 23.911593, 54.9010925; 23.9094257, 54.9012159; 23.9075911, 54.9005219; 23.9015991, 54.8982362; 23.8985682, 54.8983781; 23.8984394, 54.8986249; 23.8985252, 54.8991184; 23.896637, 54.8992418; 23.896181, 54.8990999; 23.8959289, 54.8990136; 23.8954353, 54.8986249; 23.8948882, 54.8986835; 23.8944912, 54.898773; 23.8941478, 54.8990506; 23.8937188, 54.8993096; 23.8932037, 54.8996367; 23.89359, 54.9006484; 23.892324, 54.901037; 23.889513, 54.9019315; 23.8845134, 54.9010371; 23.8805652, 54.9003462; 23.8793015, 54.9001057; 23.8751686, 54.9000253; 23.8742673, 54.900013; 23.8737309, 54.8999883; 23.8727359, 54.8999818; 23.8816488, 54.8954506; 23.8826358, 54.8950866; 23.8845509, 54.8948337; 23.8867664, 54.8947565; 23.8912296, 54.8947936; 23.8930857, 54.8946732; 23.8982731, 54.89401; 23.8999683, 54.8939915; 23.9015615, 54.8940593; 23.904056, 54.8944234; 23.9081275, 54.8943987; 23.9106059, 54.8941457; 23.9137977, 54.8934516; 23.914994, 54.8929117; 23.9153105, 54.89285; 23.9183199, 54.8927883; 23.9184648, 54.8927297; 23.9184165, 54.8924921; 23.9185721, 54.8924088; 23.9198703, 54.892378; 23.9198864, 54.8921651; 23.9201117, 54.8920787; 23.9206481, 54.8920046; 23.9204121, 54.8895025; 23.9192962, 54.8891045; 23.9215064, 54.8868397; 23.9234537, 54.8849514; 23.92524, 54.8836522; 23.9274394, 54.8818902; 23.9287054, 54.8806434; 23.9295531, 54.8786004; 23.9294779, 54.8755079; 23.9293216, 54.8725518; 23.9292434, 54.8691969; 23.930199, 54.8647603"
"PC ""Mega""",#poly-F8971B-1200-76,"Islandijos pl. 32, Kaunas.","23.8883007, 54.9393775; 23.8880485, 54.9393744; 23.8879895, 54.9392974; 23.8880485, 54.9392142; 23.8887352, 54.9390046; 23.8897705, 54.9387704; 23.8914549, 54.9383883; 23.8936168, 54.9382866; 23.8968998, 54.938114; 23.8972002, 54.9381233; 23.8975006, 54.9381911; 23.8977367, 54.9384931; 23.8977367, 54.9385547; 23.897683, 54.9385917; 23.8951349, 54.9385054; 23.8925493, 54.9388259; 23.8883007, 54.9393775"
"PC ""Mega""",#icon-503-DB4436,"Islandijos pl. 32, Kaunas, Lietuva","23.8923926, 54.9386317"
Seniavos plentas 5,#poly-F8971B-1200-76,"Seniavos plentas 5, Kaunas, Lietuva","23.8888612, 54.8678096; 23.888711, 54.8673403; 23.889631, 54.8671952; 23.8896954, 54.8673743; 23.8888612, 54.8678096"
Seniavos plentas 5,#icon-503-DB4436,"Seniavos plentas 5, Kaunas, Lietuva","23.8890892, 54.8674793"
"PC ""Maxima"", Gėlių g.",#poly-F8971B-1200-76,"Gėlių g. 2, Ringaudai, Lietuva","23.8036233, 54.8904281; 23.8034838, 54.8897216; 23.8039988, 54.8896876; 23.8051575, 54.8901288; 23.8052005, 54.8902985; 23.8036233, 54.8904281"
"PC ""Maxima"", Gėlių g.",#icon-503-DB4436,"Gėlių g. 2, Ringaudai, Lietuva","23.8042134, 54.8901134"
"PC ""Rimi"", Romainių g.",#poly-F8971B-1200-76,"Romainių g. 67, Kaunas, Lietuva","23.8124692, 54.9431122; 23.8130701, 54.9431122; 23.8130701, 54.9427763; 23.8125014, 54.9427732; 23.8125122, 54.9425514; 23.8133919, 54.9425637; 23.813349, 54.9432601; 23.8124692, 54.9432601; 23.8124692, 54.9431122"
"PC ""Rimi"", Romainių g.",#icon-503-DB4436,"Romainių g. 67, Kaunas, Lietuva","23.8131988, 54.9429334"
Kalniečiai,#poly-F8971B-1200-76,"Kalniečiai, Kaunas","23.9212704, 54.9236647; 23.918395, 54.9236523; 23.9117431, 54.9237387; 23.9095759, 54.9166477; 23.9095545, 54.9158214; 23.9152622, 54.9148594; 23.9223862, 54.9129352; 23.9308834, 54.9133793; 23.9364624, 54.9123925; 23.9499163, 54.9179426; 23.9477921, 54.9195459; 23.9492512, 54.9201378; 23.9474487, 54.921519; 23.9289951, 54.9240346; 23.9283085, 54.9235907; 23.9212704, 54.9236647"
Eiguliai,#poly-F8971B-1200-76,"Eiguliai, Kaunas","23.9117431, 54.9237387; 23.928287, 54.9235907; 23.9289736, 54.9240346; 23.9384633, 54.9227986; 23.9391124, 54.9231902; 23.9380074, 54.9240226; 23.9406039, 54.9249474; 23.9416983, 54.924343; 23.9399548, 54.9235507; 23.9386405, 54.9227584; 23.9474272, 54.921519; 23.9510321, 54.9187566; 23.9704299, 54.9276351; 23.9681124, 54.9291639; 23.9687132, 54.9304955; 23.9672541, 54.9309393; 23.9438223, 54.9316297; 23.9430499, 54.9322708; 23.9430499, 54.9337995; 23.9123225, 54.9331092; 23.9122367, 54.9316051; 23.912111, 54.9292047; 23.9118076, 54.9261555; 23.9117431, 54.9237387"
Gričiupis,#poly-F8971B-1200-76,"Gričiupis, Kaunas","23.9418697, 54.9112577; 23.9411621, 54.908203; 23.958714, 54.900488; 23.9588642, 54.8983781; 23.9672756, 54.9008273; 23.968488, 54.9008489; 23.9686489, 54.8985138; 23.9638692, 54.8984985; 23.9635607, 54.8997123; 23.9515203, 54.8962805; 23.9474484, 54.8956124; 23.9397454, 54.8892711; 23.9377177, 54.8868706; 23.93614, 54.8844645; 23.9426046, 54.8766437; 23.9449856, 54.8737329; 23.9580938, 54.868056; 23.9608789, 54.8716666; 23.9616433, 54.8745409; 23.9609411, 54.8774745; 23.9590221, 54.8795394; 23.9576659, 54.8819836; 23.9566709, 54.8845018; 23.9563978, 54.8859831; 23.9570538, 54.888452; 23.9575079, 54.8899338; 23.9582499, 54.8909154; 23.9589921, 54.8920451; 23.9615064, 54.8932184; 23.9712882, 54.8957129; 23.9749359, 54.8954476; 23.9769529, 54.8949941; 23.9795279, 54.8968234; 23.9802695, 54.8962921; 23.980067, 54.8959829; 23.9805297, 54.8958526; 23.9807825, 54.8961823; 23.9839964, 54.8951299; 23.9823896, 54.8932527; 23.9846398, 54.8921303; 23.9865219, 54.8909981; 23.9872131, 54.8904335; 23.9909066, 54.8875821; 23.9962938, 54.8876619; 23.9975285, 54.8901702; 23.9962741, 54.8932214; 24.0046145, 54.8954; 24.0022926, 54.8960903; 23.9985929, 54.8972492; 23.9912653, 54.8994392; 23.9863944, 54.9008828; 23.9858174, 54.9010613; 23.9815664, 54.9014627; 23.9780473, 54.9018575; 23.9784336, 54.904547; 23.9804934, 54.9068354; 23.9808796, 54.9072085; 23.9811371, 54.9074336; 23.9840983, 54.9067367; 23.9846348, 54.9073134; 23.9816952, 54.9080875; 23.9835835, 54.9106163; 23.9808637, 54.9112639; 23.9714813, 54.9118498; 23.9691639, 54.9116525; 23.955946, 54.9125405; 23.9418697, 54.9112577"
Dainava,#poly-F8971B-1200-76,"Dainava, Kaunas","23.9364624, 54.9123925; 23.9418697, 54.9112577; 23.955946, 54.9125405; 23.9678764, 54.9118005; 23.9714813, 54.9118498; 23.9754295, 54.9116525; 23.9808637, 54.9112639; 23.9835835, 54.9106163; 24.003627, 54.9063168; 24.010032, 54.9051674; 24.0078965, 54.902784; 24.0039833, 54.8993873; 24.002947, 54.8985216; 24.0000808, 54.8991381; 24.0004547, 54.8997175; 23.9872567, 54.9026349; 23.9858174, 54.9010613; 23.9994089, 54.8970349; 24.0046145, 54.8954; 24.0005612, 54.8943625; 23.9962741, 54.8932214; 23.9971157, 54.8911218; 23.9975285, 54.8901702; 23.9962938, 54.8876619; 24.0098973, 54.8899436; 24.0220258, 54.898821; 24.0244982, 54.8997512; 24.0277005, 54.9035931; 24.0241384, 54.9068895; 24.0215201, 54.9094458; 24.0202332, 54.9128613; 23.9854718, 54.9138233; 23.9855576, 54.9147607; 23.9874458, 54.9147607; 23.98736, 54.9159447; 23.9855576, 54.9159447; 23.9857292, 54.9168327; 23.9859867, 54.9175233; 23.9869308, 54.918066; 23.9890766, 54.9187073; 23.9912224, 54.9189046; 23.9940977, 54.9188646; 23.9941192, 54.9196631; 23.9945591, 54.9196723; 23.9945537, 54.9188445; 23.9983463, 54.9188306; 23.9989471, 54.9274378; 23.9983463, 54.9284242; 23.997488, 54.9291146; 23.9964581, 54.9295585; 23.987875, 54.9308407; 23.9860725, 54.9309393; 23.9837551, 54.9305448; 23.980515, 54.9298698; 23.9774036, 54.9286214; 23.9736271, 54.9270432; 23.9725971, 54.9278817; 23.9714813, 54.927931; 23.9614391, 54.9232947; 23.9622974, 54.9227522; 23.9604092, 54.9219629; 23.9596367, 54.9224562; 23.9480925, 54.9172027; 23.9476526, 54.9170115; 23.947084, 54.916771; 23.9465046, 54.9165367; 23.9412203, 54.9143383; 23.9364624, 54.9123925"
Šilainiai,#poly-F8971B-1200-76,"Šilainiai, Kaunas","23.8555241, 54.9057313; 23.8592148, 54.9043003; 23.8634205, 54.903264; 23.868165, 54.9015976; 23.8727359, 54.8999818; 23.8793015, 54.9001057; 23.889513, 54.9019315; 23.8944912, 54.9049418; 23.8980103, 54.9067676; 23.9026451, 54.9090374; 23.9080525, 54.9117018; 23.9090824, 54.9140699; 23.9096832, 54.9170793; 23.9103699, 54.9196939; 23.9107991, 54.9209271; 23.9111692, 54.9218767; 23.9113998, 54.9229001; 23.9117431, 54.9237387; 23.9120865, 54.9274378; 23.912344, 54.9331092; 23.8979727, 54.9356301; 23.8897705, 54.936265; 23.8765526, 54.9348843; 23.8752652, 54.9344528; 23.8743211, 54.9339659; 23.874128, 54.9336978; 23.8738705, 54.9334651; 23.8734842, 54.9332872; 23.8728727, 54.932927; 23.8722021, 54.9326606; 23.8719419, 54.932552; 23.8717582, 54.9324361; 23.8716019, 54.9322364; 23.8710594, 54.9316791; 23.8701582, 54.9312106; 23.8644614, 54.9305141; 23.8618597, 54.9296605; 23.8592714, 54.9290366; 23.8569901, 54.9285521; 23.8552485, 54.9278908; 23.853219, 54.926919; 23.8512598, 54.9259893; 23.8473266, 54.9229117; 23.8463896, 54.921447; 23.843346, 54.9186675; 23.8401072, 54.9163898; 23.837629, 54.9147084; 23.8454604, 54.9114542; 23.8512642, 54.9085684; 23.8555241, 54.9057313"
"PC ""Senukai"", Draugystės g.",#poly-F8971B-1200-76,"Draugystės g. 8C, Kaunas","23.9857078, 54.9088894; 23.9863086, 54.9087414; 23.9867377, 54.9093951; 23.9861155, 54.9095308; 23.9857078, 54.9088894"
"PC ""Senukai"", Draugystės g.",#icon-503-DB4436,"Draugystės g. 8C, Kaunas","23.9862013, 54.9091608"
"PC ""Senukai"", Elektrėnų g.",#poly-F8971B-1200-76,"Elektrėnų g. 1, Kaunas","23.9907342, 54.913811; 23.9906913, 54.9135489; 23.9918071, 54.9135211; 23.9918178, 54.9137925; 23.9907342, 54.913811"
"PC ""Senukai"", Islandijos pl.",#poly-F8971B-1200-76,"Islandijos pl. 32, Kaunas","23.8968945, 54.9396425; 23.898375, 54.9394514; 23.8985038, 54.9397596; 23.8970017, 54.9399445; 23.8968945, 54.9396425"
"PC ""Senukai"", Islandijos pl.",#icon-503-DB4436,"Islandijos pl. 32, Kaunas","23.8976562, 54.9397349"
"PC ""Express Market"", Raudondvaris.",#poly-F8971B-1200-76,"Instituto g. 1, Raudondvaris, Lietuva.","23.7806797, 54.9377997; 23.7808943, 54.9373806; 23.7815917, 54.9375223; 23.7814522, 54.9377442; 23.7810659, 54.9376826; 23.7809587, 54.9378552; 23.7806797, 54.9377997"
"PC ""Iki"", Raudondvaris.",#poly-F8971B-1200-76,"J. Naujalio g. 20, Raudondvaris, Lietuva.","23.772676, 54.9411216; 23.7724614, 54.9409614; 23.7735987, 54.9404005; 23.7738347, 54.9405731; 23.772676, 54.9411216"
"PC ""Iki"", Raudondvaris.",#icon-503-DB4436,"J. Naujalio g. 20, Raudondvaris, Lietuva.","23.7730408, 54.9408196"
"PC ""Express Market"", Raudondvaris.",#icon-503-DB4436,"Instituto g. 1, Raudondvaris, Lietuva. ","23.7810713, 54.9375871"
Giraitės Paštas,#poly-F8971B-2801-51,"Akacijų g.2, Giraitė, Kauno r.","23.8634956, 54.957496; 23.8632167, 54.9574221; 23.8637209, 54.9568923; 23.8639784, 54.9569477; 23.8634956, 54.957496"
"Giraitės Paštas, KAUn",#icon-503-DB4436,"Akacijų g.2, Giraitė, Kauno r.","23.8636136, 54.9572065"
"Kauno oro uostas, P2",#poly-F8971B-3401-76,"Oro uosto g. 4, Karmėlava","24.072386, 54.9677301; 24.0753043, 54.9678409; 24.0752614, 54.9682474; 24.0723217, 54.9681119; 24.072386, 54.9677301"
"Kauno oro uostas, P2",#icon-503-DB4436,"Oro uosto g. 4, Karmėlava","24.0737057, 54.9679918"
Apžvalgos Aikštelė Aleksote - Kaunas,#poly-F8971B-2801-87,"Amerikos Lietuvių g. 5, Kaunas,","23.8865519, 54.8909372; 23.8865089, 54.890715; 23.886981, 54.8906842; 23.8870025, 54.8909187; 23.8865519, 54.8909372"
Apžvalgos Aikštelė Aleksote - Kaunas,#icon-503-DB4436,"Amerikos Lietuvių g. 5, Kaunas","23.886745, 54.8907952"
"PC ''IKI'', Ramučiai",#poly-F8971B-1200-76,,"24.0310961, 54.9540861; 24.0312195, 54.9539567; 24.0309674, 54.9538828; 24.0312007, 54.9536425; 24.0323246, 54.9540368; 24.0319705, 54.9543911; 24.0310961, 54.9540861"
"PC ''IKI'', Ramučiai",#icon-503-DB4436,,"24.031662, 54.9540492"
"PC ''Šilas'', Aleksotas",#poly-F8971B-1200-76,,"23.880364, 54.848128; 23.8802245, 54.8477759; 23.8806215, 54.8477327; 23.8807502, 54.8480832; 23.880364, 54.848128"
"PC ''Šilas'', Aleksotas",#icon-503-DB4436,,"23.880482, 54.8479489"
"Technopolis, Europos Pr.",#poly-F8971B-1200-76,,"23.8796264, 54.8745295; 23.8804096, 54.8745264; 23.8804257, 54.874832; 23.8796693, 54.8748752; 23.8796264, 54.8745295"
"Technopolis, Europos Pr.",#icon-503-DB4436,,"23.8800234, 54.8747208"
Noreikiškės,#poly-F8971B-1200-76,,"23.8485342, 54.8890212; 23.848958, 54.8890582; 23.8487649, 54.8895827; 23.8483572, 54.8895395; 23.8485342, 54.8890212"
Noreikiškės,#icon-503-DB4436,,"23.8486201, 54.889305"
"Panemunė, A. Smetonos al.",#poly-F8971B-1200-76,,"23.9650977, 54.8723719; 23.9663315, 54.8753597; 23.9669859, 54.8752857; 23.9671469, 54.8758289; 23.9661598, 54.8759276; 23.9646363, 54.8723905; 23.9650977, 54.8723719"
"Panemunė, A. Smetonos al.",#icon-503-DB4436,,"23.9665461, 54.8755758"
Žaliakalnis,#poly-F8971B-1200-76,,"23.9418697, 54.9112577; 23.9402389, 54.9116155; 23.9364624, 54.9123925; 23.9308834, 54.9133793; 23.9249075, 54.9130709; 23.9223862, 54.9129352; 23.920412, 54.9134841; 23.9152622, 54.9148594; 23.9095545, 54.9158214; 23.9080525, 54.9117018; 23.9055204, 54.9104683; 23.9013147, 54.9084207; 23.8966799, 54.9060275; 23.8921309, 54.9036341; 23.889513, 54.9019315; 23.89359, 54.9006484; 23.8932037, 54.8996367; 23.8944912, 54.898773; 23.8954353, 54.8986249; 23.8959289, 54.8990136; 23.896637, 54.8992418; 23.8976669, 54.8991678; 23.8985252, 54.8991184; 23.8984394, 54.8986249; 23.8985682, 54.8983781; 23.9016151, 54.8982547; 23.9094257, 54.9012159; 23.9145327, 54.9009445; 23.9153159, 54.90129; 23.9161098, 54.9013085; 23.917459, 54.9012314; 23.9185077, 54.9009969; 23.9206964, 54.9004541; 23.9217934, 54.9002058; 23.9231855, 54.8998557; 23.9292955, 54.8954907; 23.9347726, 54.8939236; 23.9316558, 54.9006375; 23.9311409, 54.9016439; 23.9313125, 54.9029463; 23.9294135, 54.9026718; 23.929097, 54.9031344; 23.9313071, 54.9032238; 23.932085, 54.9064962; 23.9411621, 54.908203; 23.9418697, 54.9112577"
ADOTAS,#poly-F8971B-1200-76,,"23.8946521, 54.9553337; 23.8943624, 54.9552413; 23.8952422, 54.9546036; 23.8956714, 54.9544188; 23.8965994, 54.95481; 23.8959932, 54.955155; 23.8955855, 54.9549856; 23.8959181, 54.9546991; 23.8955963, 54.9546036; 23.8946521, 54.9553337"
Domeikava,#poly-F8971B-1200-76,,"23.9241323, 54.9673298; 23.9231774, 54.967068; 23.9232954, 54.9669479; 23.9242584, 54.967222; 23.9241323, 54.9673298"
Garliavos paštas,#poly-F8971B-1200-76,,"23.8731515, 54.8225514; 23.8732266, 54.8222748; 23.8739455, 54.8222625; 23.8739401, 54.8225391; 23.8731515, 54.8225514"
Kauno marių aikštelė,#poly-F8971B-1200-76,,"24.0150538, 54.8767255; 24.0147212, 54.8769323; 24.0145576, 54.8770773; 24.0145442, 54.8771205; 24.0144798, 54.8770835; 24.0143108, 54.8766236; 24.0145173, 54.8765233; 24.0146085, 54.8764246; 24.0147587, 54.876244; 24.0149304, 54.8762286; 24.0154347, 54.8762409; 24.0154669, 54.8762533; 24.0154883, 54.8763057; 24.0153515, 54.8763798; 24.0150538, 54.8767255"
Kauno marių aikštelė,#icon-503-DB4436,,"24.0148285, 54.8766205"
UAB FESTO,#poly-F8971B-1200-76,,"24.0001139, 54.9255436; 24.000071, 54.9252939; 24.0022704, 54.9251767; 24.0022758, 54.9253555; 24.0005752, 54.9254264; 24.000586, 54.9255343; 24.0001139, 54.9255436"
"VC ""Plaza"", Taikos pr. 131B",#poly-F8971B-1200-76,,"23.999548, 54.9201748; 23.9994621, 54.9193362; 24.001801, 54.9192931; 24.0018439, 54.9201502; 23.999548, 54.9201748"
"VC ""Plaza"", Taikos pr. 131B",#icon-503-DB4436,,"24.0005565, 54.919811"
Vytėnai,#poly-F8971B-1200-76,,"23.9028382, 54.9393343; 23.9064646, 54.9388783; 23.9107235, 54.9494894; 23.9126659, 54.9518681; 23.9070868, 54.9527184; 23.8993192, 54.9462364; 23.8884616, 54.9493173; 23.8818955, 54.9451026; 23.8884187, 54.9414667; 23.9028382, 54.9393343"
Garliavos paštas,#icon-503-DB4436,,"23.8735485, 54.8223984"
Adotas,#icon-503-DB4436,,"23.8960147, 54.9548624"
Domeikavos paštas,#icon-503-DB4436,,"23.9236844, 54.9671512"
Kauno pilis,#icon-503-DB4436,"Pilies g. 17, Kaunas","23.8872492, 54.8992711"
"PC ""Iki""",#icon-503-DB4436,"Jonavos g. 16, Kaunas","23.8918814, 54.9011496"
Rotušės aikštė,#icon-503-DB4436,"Rotušės a. 3, Kaunas","23.8872895, 54.8965643"
Šalia požeminės perėjos,#icon-503-DB4436,"Vilniaus g. 50, Kaunas","23.8954702, 54.8966784"
E. Ožeškienės stotelė,#icon-503-DB4436,"Laisvės al. 110, Kaunas","23.8993943, 54.8974542"
Kauno miesto savivaldybė,#icon-503-DB4436,"Laisvės al. 96, Kaunas","23.9054561, 54.8975777"
Vytauto Didžiojo universitetas,#icon-503-DB4436,"K. Donelaičio g. 62, Kaunas","23.9134142, 54.8988269"
Kauno kolegija,#icon-503-DB4436,"K. Petrausko g. 26, Kaunas","23.9321038, 54.906177"
"PC ""Akropolis""",#icon-503-DB4436,"Griunvaldo g. 18, Kaunas","23.9205033, 54.8920278"
Parodos kalno papėdė,#icon-503-DB4436,"Vytauto pr. 66, Kaunas","23.9255485, 54.8968573"
Parodos kalnas,#icon-503-DB4436,"K. Petrausko g. 43, Kaunas","23.9324874, 54.8991215"
M. Daukšos g.,#icon-503-DB4436,"M. Daukšos g. 19, Kaunas","23.8911974, 54.8968203"
Žalgirio arena,#icon-503-DB4436,"Mickevičiaus g. tiltas, Kaunas","23.9147285, 54.8922422"
Kauno soboras,#icon-503-DB4436,"Gedimino g. 42, Kaunas","23.9212382, 54.8973478"
Kaunas Camp Inn,,#icon-503-DB4436-nodesc,"23.8335943, 54.9155809"
Krasta Auto Vilnius,#icon-503-DB4436,"Ozo g. 10A, Vilnius","25.2794217, 54.7135658"
Technopolis Delta,#icon-503-DB4436,"Balčiukonio g. 7, Vilnius","25.2823788, 54.7211317"
Blyninė,#icon-503-DB4436,"Vytauto g. 74, Palanga","21.065214, 55.9146105"
"Baras ""Kablys. Jūra. Kultūra""",#icon-503-DB4436,"S.Dariaus ir S.Girėno g. 13, Palanga","21.0581034, 55.9119663"
"Hotel ""Auska""",#icon-503-DB4436,"Vytauto g. 6, Palanga","21.0606945, 55.8969936"
LEZ 2,#icon-503-DB4436,"Verslo g. 8, Klaipėda","21.2041926, 55.6949394"
LEZ 1,#icon-503-DB4436,"Pramonės g. 8, Klaipėda","21.1962104, 55.6938178"
LEZ 3,#icon-503-DB4436,"Pramonės g. 10, Klaipėda","21.2001157, 55.6910603"
LEZ 4,#icon-503-DB4436,"Pramonės g. 14, Klaipėda","21.2034631, 55.6880123"
LEZ 5,#icon-503-DB4436,"Kretainio g. 4, Klaipėda","21.2035489, 55.6845165"
LSMU Veterinarijos akademija,#icon-503-DB4436,"Tilžės g. 18, Kaunas","23.8781297, 54.9090621"
"PC ""Molas""",#icon-503-DB4436,"K. Baršausko g. 66A, Kaunas.","23.9665997, 54.899612"
"PC ""Savas""",#icon-503-DB4436,"Savanorių pr. 346, Kaunas","23.9623833, 54.9238003"
"PC ""IKI"", Žemaičių pl.",#icon-503-DB4436,"Žemaičių pl. 23, Kaunas","23.8878715, 54.9283625"
Čėčėnijos aikštė,#icon-503-DB4436,"Lukšio g. 46, Kaunas","23.9500773, 54.9266117"
PM “Urmas“,#icon-503-DB4436,"Pramonės pr. 16, Kaunas","23.9862549, 54.9153404"
Delfinariumas,#icon-503-DB4436,"Smiltynės g. 3, Klaipėda","21.101346, 55.717853"
Jūrų muziejus,#icon-503-DB4436,"Smiltynės g. 3, Klaipėda","21.1014748, 55.7169827"
Prie bažnyčios Juodkrantėje,,#icon-503-DB4436-nodesc,"21.1169672, 55.532031"
Nida šiaurinis beach bar,,#icon-503-DB4436-nodesc,"20.9946156, 55.3237732"
Nidos gelbėjimo stotis,,#icon-503-DB4436-nodesc,"20.9834576, 55.3115632"
Poliklinikos,#icon-503-DB4436,"Taikos pr. 97A, Klaipėda","21.1668134, 55.6786249"
Naujoji Perkėla,#icon-503-DB4436,"Varnėnų g, Klaipėda","21.1401629, 55.6882784"
Akropolis,#icon-503-DB4436,"Taikos pr. 61A, Klaipėda","21.1533916, 55.6927656"
Vėtrungės,#icon-503-DB4436,"Taikos pr. 24T, Klaipėda","21.1469758, 55.6988243"
Senoji Perkėla,#icon-503-DB4436,"Danės g. 24, Klaipėda","21.1244023, 55.7067681"
Meridianas,#icon-503-DB4436,"Kurpių g. 17, Klaipėda","21.135217, 55.7102227"
Autobusų stotis,#icon-503-DB4436,"S. Nėries g. 5, Klaipėda","21.137073, 55.7197656"
Studlendas,#icon-503-DB4436,"H. Manto g. 92, Klaipėda","21.1240482, 55.7291189"
Melnragė,#icon-503-DB4436,"Audros g. 17, Klaipėda","21.0924196, 55.7376304"
Senasis Židinys,#icon-503-DB4436,"Žvejų g. 36, Palanga","21.0711765, 55.9250066"
Palangos centrinė gelbėjimo stotis,#icon-503-DB4436,"Žvejų g. 2A, Palanga","21.0566497, 55.9281322"
"PC ""Rimi"", Malūno g.",#icon-503-DB4436,"Malūno g. 10, Palanga","21.0788369, 55.9201613"
"PC ""Rimi"" Rąžė",#icon-503-DB4436,"Ronžės g. 82, Palanga","21.0658872, 55.9157964"
Girulių aikštelė,#poly-F8971B-2013-89,Stovyklos g. 9,"21.0862827, 55.7661929; 21.0816586, 55.7654807; 21.0818088, 55.7652514; 21.086551, 55.7659756; 21.0862827, 55.7661929"
Klaipėdos valstybinė kolegija,#poly-F8971B-2101-92,Jaunystės g. 2A,"21.1720383, 55.7268805; 21.171931, 55.726089; 21.1722422, 55.7261011; 21.1724567, 55.7268684; 21.1720383, 55.7268805"
Melnragės,#poly-F8971B-1901-97,Audros g. 15,"21.0926664, 55.7379596; 21.0926664, 55.7376033; 21.091454, 55.7375912; 21.091454, 55.7368059; 21.0919476, 55.736812; 21.0919583, 55.7373918; 21.0931385, 55.737416; 21.0930955, 55.7379596; 21.0926664, 55.7379596"
Norfa tauralaukis,#poly-F8971B-2901-110,Tauralaukio g. 1,"21.1428183, 55.7535438; 21.1426413, 55.753174; 21.1430463, 55.7531242; 21.1432421, 55.7535136; 21.1428183, 55.7535438"
Rimi Dragūnų,#poly-F8971B-2101-107,Liepojos g. 27,"21.1295199, 55.7528034; 21.1293536, 55.7519158; 21.1241448, 55.7515596; 21.124295, 55.7490296; 21.1265159, 55.7490779; 21.1292142, 55.7493285; 21.1300591, 55.7490885; 21.1305606, 55.7493557; 21.1307859, 55.7511067; 21.1307001, 55.7521754; 21.1299813, 55.7521754; 21.1299706, 55.7527973; 21.1295199, 55.7528034"
Rimi Slengiai,#poly-F8971B-2701-110,Dangaus g. 47,"21.192627, 55.7367002; 21.1921173, 55.7369298; 21.1916024, 55.7365553; 21.1921388, 55.7363378; 21.192627, 55.7367002"
"Aikštelė prie IKI aikštelės, Palanga",#poly-F8971B-1200-77,Taikos g. 68,"21.0803175, 55.918478; 21.0794914, 55.918502; 21.0793734, 55.9182284; 21.0800225, 55.9181383; 21.0803175, 55.918478"
"Aikštelė prie IKI aikštelės, Palanga",#icon-503-DB4436,Taikos g. 68,"21.0797971, 55.9183487"
Rimi Dragūnų,#icon-503-DB4436,"Liepojos g. 27, Klaipėda","21.1302924, 55.7520426"
"Prie stadijono, Palanga",#poly-F8971B-1200-77,S. Dariaus ir S. Girėno g. 49,"21.0662735, 55.9098977; 21.0661125, 55.9095549; 21.0686445, 55.908713; 21.0690308, 55.9093505; 21.0662735, 55.9098977"
Norfa tauralaukis,#icon-503-DB4436,"Tauralaukio g. 1, Klaipėda","21.1430383, 55.7534313"
"Prie stadijono, Palanga",#icon-503-DB4436,S. Dariaus ir S. Girėno g. 49,"21.0673785, 55.9094407"
Buvusios Palangos ligoninės aikštelė,#poly-F8971B-1200-77,Vytauto g. 170,"21.0753608, 55.9311675; 21.0744488, 55.9313178; 21.0732365, 55.9293945; 21.074127, 55.9292682; 21.0753608, 55.9311675"
Buvusios Palangos ligoninės aikštelė,#icon-503-DB4436,Vytauto g. 170,"21.0742342, 55.9302299"
Klaipėdos valstybinė kolegija,#icon-503-DB4436,"Jaunystės g. 2A, Klaipėda","21.1721349, 55.7264999"
"Malūno g., Palanga",#poly-F8971B-1200-77,Malūno g. 10,"21.0791373, 55.9209549; 21.0739231, 55.9214599; 21.0737514, 55.9210511; 21.0776138, 55.9208587; 21.0776138, 55.9206663; 21.0765624, 55.9207505; 21.0762191, 55.9200771; 21.0788584, 55.9197886; 21.0791373, 55.9209549"
"Malūno g., Palanga",,#icon-503-DB4436-nodesc,"21.078043, 55.9206783"
Girulių aikštelė,#icon-503-DB4436,"Stovyklos g. 9, Klaipėda","21.084094, 55.7658066"
Palangos oro uostas,#poly-F8971B-1200-77,Liepojos pl. 1,"21.0976178, 55.9706072; 21.0985083, 55.9722373; 21.0980362, 55.9723243; 21.0976365, 55.9714748; 21.0971725, 55.9706973; 21.0976178, 55.9706072"
Palangos oro uostas,#icon-503-DB4436,Liepojos pl. 1,"21.0978913, 55.9715018"
Palangos pirminės sveikatos apžiūros centras,#poly-F8971B-1200-77,Vasario 16-osios g. 88A,"21.0692239, 55.9166683; 21.0685372, 55.9167644; 21.068151, 55.9159287; 21.0688376, 55.9158205; 21.0692239, 55.9166683"
Palangos pirminės sveikatos apžiūros centras,#icon-503-DB4436,Vasario 16-osios g. 88A,"21.0686982, 55.9163496"
Palangos Rimi vidinis kiemelis,#poly-F8971B-1200-77,Ronžės g. 82,"21.0665444, 55.9153049; 21.0666731, 55.9155093; 21.0661903, 55.9156101; 21.066024, 55.9153936; 21.0665444, 55.9153049"
Palangos Rimi vidinis kiemelis,#icon-503-DB4436,Ronžės g. 82,"21.0663566, 55.9154627"
Klaipėdos valstybinė kolegija,#icon-503-DB4436,Jaunystės g. 2A,"21.1721456, 55.7265361"
Melnragės,#icon-503-DB4436,"Audros g. 15, Klaipėda","21.0918456, 55.7374764"
Rimi Slengiai,#icon-503-DB4436,Dangaus g. 47,"21.1920905, 55.7366912"
T. Mano muziejus,#poly-F8971B-2801-99,"Pamario g. 55, Nida","21.0107866, 55.3134209; 21.010572, 55.3129844; 21.0109636, 55.3129264; 21.011205, 55.3133568; 21.0107866, 55.3134209"
T. Mano muziejus,#icon-503-DB4436,"Pamario g. 55, Nida","21.010851, 55.3132652"
Nida-Smiltynė,#poly-F8971B-3001-61,"Nidos-Smiltynės pl., 93121","20.9909087, 55.3123692; 20.9909838, 55.312528; 20.9900612, 55.3130531; 20.9898573, 55.3129432; 20.9909087, 55.3123692"
Nida-Smiltynė,#icon-503-DB4436,"Nidos-Smiltynės pl., 93121","20.9904152, 55.3127356"
Pietinis paplūdimys,#poly-F8971B-2201-51,"Nidos-Smiltynės pl., 93122","20.9796917, 55.301475; 20.97893, 55.3007115; 20.9792733, 55.3005955; 20.9800673, 55.3013711; 20.9796917, 55.301475"
Pietinis paplūdimys,#icon-503-DB4436,"Nidos-Smiltynės pl., 93122","20.9795094, 55.3010719"
Centrinis paplūdimys,#poly-F8971B-2601-64,"Nidos-Smiltynės pl., 93125","20.9884679, 55.3100306; 20.9874594, 55.3091635; 20.9879529, 55.3089926; 20.9888756, 55.3099085; 20.9884679, 55.3100306"
Centrinis paplūdimys,#icon-503-DB4436,"Nidos-Smiltynės pl., 93125","20.9883177, 55.3096398"
Kuršiai,#poly-F8971B-2601-48,"Nidos-Smiltynės pl., 93126","20.9967184, 55.3228484; 20.996418, 55.3224639; 20.9959781, 55.3217924; 20.9965146, 55.3216947; 20.997287, 55.3226836; 20.9967184, 55.3228484"
Kuršiai,#icon-503-DB4436,"Nidos-Smiltynės pl., 93126","20.9966433, 55.3223998"
Preilos paplūdimys,#poly-F8971B-2001-56,"Nidos-Smiltynės pl., 93130","21.0326922, 55.3773427; 21.0325205, 55.3770867; 21.0333788, 55.3769282; 21.033529, 55.3771598; 21.0326922, 55.3773427"
Preilos paplūdimys,#icon-503-DB4436,"Nidos-Smiltynės pl., 93130","21.0330141, 55.3771598"
"Žaliasis kl., Juodkrantė",#poly-F8971B-2401-56,"Žaliasis kl. 6, Juodkrantė","21.1006808, 55.5451927; 21.100595, 55.5444522; 21.10111, 55.54444; 21.1011958, 55.5451684; 21.1006808, 55.5451927"
"Žaliasis kl., Juodkrantė",#icon-503-DB4436,"Žaliasis kl. 6, Juodkrantė","21.1008954, 55.5449378"
Juodkrantė,#poly-F8971B-2201-51,"L. Rėzos g.1, Juodkrantė","21.1174768, 55.5342714; 21.1172837, 55.5334457; 21.1180884, 55.5333789; 21.1183137, 55.5342168; 21.1174768, 55.5342714"
Juodkrantė,#icon-503-DB4436,"L. Rėzos g.1, Juodkrantė","21.1177665, 55.5338889"
LEZ1,#poly-F8971B-3201-77,"Pramonės g. 8A, Klaipėda 94102, Lietuva","21.1961031, 55.6921004; 21.1987209, 55.6928502; 21.1965752, 55.6947853; 21.1940002, 55.6940597; 21.1961031, 55.6921004"
LEZ1,#icon-503-DB4436,"Pramonės g. 8A, Klaipėda 94102, Lietuva","21.1973476, 55.693721"
LEZ2,#poly-F8971B-3001-77,"Verslo g. 12, Klaipėda 94102, Lietuva","21.2012529, 55.6944285; 21.2014675, 55.6941987; 21.2058663, 55.6950876; 21.205523, 55.6954262; 21.2012529, 55.6944285"
LEZ2,#icon-503-DB4436,"Verslo g. 12, Klaipėda 94102, Lietuva","21.203506, 55.6948457"
LEZ3,#poly-F8971B-2601-77,"Lypkių g., Klaipėda 94100, Lietuva","21.2022614, 55.688992; 21.2050135, 55.6863883; 21.2040319, 55.6861555; 21.2043457, 55.6857971; 21.2053033, 55.6860194; 21.208334, 55.6832221; 21.2089777, 55.6834398; 21.2060006, 55.6860738; 21.2083879, 55.686724; 21.2078863, 55.6872668; 21.2056681, 55.6865274; 21.2026477, 55.6891371; 21.2022614, 55.688992"
LEZ3,#icon-503-DB4436,"Lypkių g., Klaipėda 94100, Lietuva","21.2056732, 55.6861011"
LEZ4,#poly-F8971B-2601-77,"Kretainio g. 1, Klaipėda 94100, Lietuva","21.2041175, 55.6829076; 21.2048256, 55.6830164; 21.2030768, 55.6855084; 21.2023473, 55.6854116; 21.2041175, 55.6829076"
LEZ4,#icon-503-DB4436,"Kretainio g. 1, Klaipėda 94100, Lietuva","21.2035489, 55.6842382"
„Autorika“,#poly-F8971B-3001-77,"Joniškės g. 27A, Klaipėda","21.1640453, 55.7157438; 21.1644584, 55.7156894; 21.1650002, 55.7157076; 21.1659551, 55.7158164; 21.1655474, 55.7162757; 21.1641526, 55.7161669; 21.1640453, 55.7157438"
„Autorika“ ,#icon-503-DB4436,"Joniškės g. 27A, Klaipėda","21.1650538, 55.7159131"
Gargždai 1,,#poly-F8971B-1200-77-nodesc,"21.4024213, 55.7135862; 21.401917, 55.7136527; 21.4016756, 55.7132629; 21.402145, 55.713139; 21.4024213, 55.7135862"
Gargždai 2,,#poly-F8971B-1200-77-nodesc,"21.3874787, 55.7124001; 21.3871086, 55.7124681; 21.3868108, 55.7119951; 21.3871729, 55.7119196; 21.3874787, 55.7124001"
Gargždai 2,,#icon-503-DB4436-nodesc,"21.3871406, 55.7122839"
Gargždai 1,,#icon-503-DB4436-nodesc,"21.4020109, 55.7134502"
"Atostogų parkas, Darbėnų kl.",,#poly-F8971B-1200-77-nodesc,"21.1257756, 55.9576603; 21.125797, 55.9572699; 21.1286724, 55.9572939; 21.1286509, 55.9576963; 21.1257756, 55.9576603"
"Atostogų parkas, Darbėnų kl.",,#icon-503-DB4436-nodesc,"21.1270791, 55.9575071"
HBH Palanga,,#poly-F8971B-1200-77-nodesc,"21.1446422, 55.9592699; 21.1451358, 55.9591377; 21.1456186, 55.9590477; 21.1460155, 55.9589996; 21.1463374, 55.9594981; 21.1452216, 55.9597684; 21.1446422, 55.9592699"
HBH Palanga,,#icon-503-DB4436-nodesc,"21.1454791, 55.95939"
Pagrindinė Klaipėdos Zona,,#poly-F8971B-1200-77-nodesc,"21.1862058, 55.6581608; 21.1959314, 55.6602671; 21.2024975, 55.6617801; 21.2101364, 55.6633777; 21.2086344, 55.6663308; 21.2070465, 55.6691385; 21.2059093, 55.6697193; 21.2029481, 55.6710505; 21.1996436, 55.6725146; 21.1967468, 55.6738699; 21.1920047, 55.6760962; 21.1894941, 55.6774392; 21.1878633, 55.6796654; 21.1887538, 55.6798348; 21.1881745, 55.6807481; 21.1885706, 55.6808299; 21.1884303, 55.6810689; 21.1874845, 55.6811719; 21.1872236, 55.6815594; 21.185782, 55.683706; 21.1836576, 55.6864277; 21.1808332, 55.6900917; 21.1811845, 55.6911614; 21.1854063, 55.6922847; 21.184237, 55.6939992; 21.1780787, 55.6921004; 21.1760187, 55.6935154; 21.1753535, 55.6935154; 21.1676073, 55.6920278; 21.1663413, 55.6944103; 21.1738729, 55.6957648; 21.1685729, 55.6997917; 21.1645818, 55.7032015; 21.1628437, 55.7044105; 21.1676449, 55.7048972; 21.167264, 55.7060548; 21.1647964, 55.7059823; 21.1621141, 55.705547; 21.1605263, 55.7057647; 21.1579943, 55.7076205; 21.155355, 55.7094883; 21.153295, 55.7102499; 21.1494112, 55.7111323; 21.1483169, 55.7177925; 21.1460853, 55.7192429; 21.1319876, 55.7212008; 21.1322021, 55.7315566; 21.1361933, 55.731617; 21.1365366, 55.7281493; 21.143961, 55.7263971; 21.1434889, 55.7293334; 21.1479092, 55.7299134; 21.1446691, 55.7364133; 21.132524, 55.73651; 21.1325615, 55.734571; 21.1291552, 55.7346253; 21.1252713, 55.7312062; 21.1241126, 55.7299013; 21.1224389, 55.7263367; 21.1230826, 55.72508; 21.1161304, 55.7244395; 21.1133984, 55.7253536; 21.1109502, 55.7254644; 21.1086319, 55.7245893; 21.113255, 55.7201252; 21.1150099, 55.7184994; 21.1183619, 55.7163059; 21.1223531, 55.7137555; 21.1245203, 55.7122324; 21.1256146, 55.7099235; 21.1255074, 55.7095971; 21.1261511, 55.7090651; 21.1269665, 55.7090893; 21.1279321, 55.7086783; 21.1236191, 55.7068044; 21.1241341, 55.7051843; 21.1260223, 55.7054503; 21.1269665, 55.7042896; 21.1313438, 55.7047491; 21.1332321, 55.7053052; 21.1336184, 55.704072; 21.1354637, 55.7022825; 21.1364508, 55.7019803; 21.1354314, 55.6999156; 21.1383605, 55.6962848; 21.1398196, 55.6944345; 21.14115, 55.6928502; 21.142416, 55.691544; 21.1436391, 55.6898991; 21.1436605, 55.6896331; 21.1410856, 55.6890283; 21.1414504, 55.688487; 21.1434889, 55.6888831; 21.143918, 55.6880002; 21.144948, 55.6882663; 21.1471581, 55.6851455; 21.1483812, 55.6841052; 21.1501408, 55.6824358; 21.1509991, 55.6807663; 21.1522007, 55.678274; 21.1498189, 55.6778869; 21.1500764, 55.6774755; 21.1523509, 55.6780079; 21.1557519, 55.6785856; 21.1559772, 55.6783013; 21.1565458, 55.6784525; 21.1603761, 55.6792782; 21.1647105, 55.6719822; 21.165939, 55.6723088; 21.1685154, 55.668046; 21.1676157, 55.6678494; 21.1682296, 55.6667181; 21.1668563, 55.6662582; 21.1670709, 55.6653142; 21.1702037, 55.6653142; 21.1714911, 55.6635109; 21.1733794, 55.6605697; 21.1828801, 55.6624637; 21.1862058, 55.6581608"